ID,Title
1,Film & Animation
2,Autos & Vehicles
3,NA
4,NA
5,NA
6,NA
7,NA
8,NA
9,NA
10,Music
11,NA
12,NA
13,NA
14,NA
15,Pets & Animals
16,NA
17,Sports
18,Short Movies
19,Travel & Events
20,Gaming
21,Videoblogging
22,People & Blogs
23,Comedy
24,Entertainment
25,News & Politics
26,Howto & Style
27,Education
28,Science & Technolog
29,Nonprofits & Activism
30,Movies
31,Anime/Animation
32,Action/Adventure
33,Classics
34,Comedy
35,Documentary
36,Drama
37,Family
38,Foreign
39,Horror
40,Sci-Fi/Fantasy
41,Thriller
42,Shorts
43,Shows
44,Trailers